Datetime,Water Level (m)
2025-06-11 18:00:00,0.5850267
2025-06-11 19:00:00,0.6142396
2025-06-11 20:00:00,0.5586539
2025-06-11 21:00:00,0.42263395
2025-06-11 22:00:00,0.27714756
2025-06-11 23:00:00,0.15858811
2025-06-12 00:00:00,0.027620409
2025-06-12 01:00:00,-0.10116336
2025-06-12 02:00:00,-0.20578712
2025-06-12 03:00:00,-0.1380368
2025-06-12 04:00:00,0.16918874
2025-06-12 05:00:00,0.47841835
2025-06-12 06:00:00,0.6971681
2025-06-12 07:00:00,0.85701436
2025-06-12 08:00:00,0.9407791
2025-06-12 09:00:00,0.8713868
2025-06-12 10:00:00,0.69446987
2025-06-12 11:00:00,0.5480103
2025-06-12 12:00:00,0.42590314
2025-06-12 13:00:00,0.3042712
2025-06-12 14:00:00,0.17948739
2025-06-12 15:00:00,0.08333295
2025-06-12 16:00:00,0.1540601
2025-06-12 17:00:00,0.40517133
2025-06-12 18:00:00,0.60740674
2025-06-12 19:00:00,0.6812833
2025-06-12 20:00:00,0.669887
2025-06-12 21:00:00,0.5552625
2025-06-12 22:00:00,0.38677916
2025-06-12 23:00:00,0.24203989
2025-06-13 00:00:00,0.117783986
2025-06-13 01:00:00,-0.0009322002
2025-06-13 02:00:00,-0.14201044
2025-06-13 03:00:00,-0.18576875
2025-06-13 04:00:00,0.004929761
2025-06-13 05:00:00,0.32518953
2025-06-13 06:00:00,0.600115
2025-06-13 07:00:00,0.7923948
2025-06-13 08:00:00,0.92613685
2025-06-13 09:00:00,0.9677324
2025-06-13 10:00:00,0.83748466
2025-06-13 11:00:00,0.6642171
2025-06-13 12:00:00,0.5281983
2025-06-13 13:00:00,0.4052585
2025-06-13 14:00:00,0.2872759
2025-06-13 15:00:00,0.16931726
2025-06-13 16:00:00,0.117205635
2025-06-13 17:00:00,0.2944555
2025-06-13 18:00:00,0.5385918
2025-06-13 19:00:00,0.6912572
2025-06-13 20:00:00,0.7394536
2025-06-13 21:00:00,0.69406754
2025-06-13 22:00:00,0.550593
2025-06-13 23:00:00,0.38693833
2025-06-14 00:00:00,0.25546065
2025-06-14 01:00:00,0.13042578
2025-06-14 02:00:00,0.0056230766
2025-06-14 03:00:00,-0.109102614
2025-06-14 04:00:00,-0.08954697
2025-06-14 05:00:00,0.18062922
2025-06-14 06:00:00,0.4899334
2025-06-14 07:00:00,0.7204333
2025-06-14 08:00:00,0.8881564
2025-06-14 09:00:00,0.99551237
2025-06-14 10:00:00,0.9710467
2025-06-14 11:00:00,0.80276096
2025-06-14 12:00:00,0.6509212
2025-06-14 13:00:00,0.5238398
2025-06-14 14:00:00,0.4026462
2025-06-14 15:00:00,0.28567478
2025-06-14 16:00:00,0.17721498
2025-06-14 17:00:00,0.17063856
2025-06-14 18:00:00,0.39647862
2025-06-14 19:00:00,0.6337593
2025-06-14 20:00:00,0.7575351
2025-06-14 21:00:00,0.78947425
2025-06-14 22:00:00,0.71229565
2025-06-14 23:00:00,0.54283744
2025-06-15 00:00:00,0.3823792
2025-06-15 01:00:00,0.25818238
2025-06-15 02:00:00,0.13516629
2025-06-15 03:00:00,0.015374794
2025-06-15 04:00:00,-0.066578455
2025-06-15 05:00:00,0.036183238
2025-06-15 06:00:00,0.33463687
2025-06-15 07:00:00,0.6237741
2025-06-15 08:00:00,0.82906336
2025-06-15 09:00:00,0.9802276
2025-06-15 10:00:00,1.0538359
2025-06-15 11:00:00,0.96009105
2025-06-15 12:00:00,0.77989167
2025-06-15 13:00:00,0.63514626
2025-06-15 14:00:00,0.51237774
2025-06-15 15:00:00,0.39022988
2025-06-15 16:00:00,0.26726902
2025-06-15 17:00:00,0.1784467
2025-06-15 18:00:00,0.27122098
2025-06-15 19:00:00,0.5233551
2025-06-15 20:00:00,0.72237504
2025-06-15 21:00:00,0.80024284
2025-06-15 22:00:00,0.7943262
2025-06-15 23:00:00,0.6939092
2025-06-16 00:00:00,0.5355118
2025-06-16 01:00:00,0.3999429
2025-06-16 02:00:00,0.2872676
2025-06-16 03:00:00,0.17266755
2025-06-16 04:00:00,0.07073189
2025-06-16 05:00:00,0.035099335
2025-06-16 06:00:00,0.23865153
2025-06-16 07:00:00,0.5585733
2025-06-16 08:00:00,0.81878984
2025-06-16 09:00:00,0.9980852
2025-06-16 10:00:00,1.1179484
2025-06-16 11:00:00,1.1245687
2025-06-16 12:00:00,0.98822606
2025-06-16 13:00:00,0.827304
2025-06-16 14:00:00,0.705029
2025-06-16 15:00:00,0.5905421
2025-06-16 16:00:00,0.4814545
2025-06-16 17:00:00,0.39163083
2025-06-16 18:00:00,0.41832098
2025-06-16 19:00:00,0.6399965
2025-06-16 20:00:00,0.8844013
2025-06-16 21:00:00,1.0226316
2025-06-16 22:00:00,1.0902574
2025-06-16 23:00:00,1.0881355
2025-06-17 00:00:00,0.9903503
2025-06-17 01:00:00,0.8441095
2025-06-17 02:00:00,0.7216467
2025-06-17 03:00:00,0.6154807
2025-06-17 04:00:00,0.51461494
2025-06-17 05:00:00,0.43301648
2025-06-17 06:00:00,0.47578263
2025-06-17 07:00:00,0.7500208
2025-06-17 08:00:00,1.02201
2025-06-17 09:00:00,1.2011207
2025-06-17 10:00:00,1.3364908
2025-06-17 11:00:00,1.3997686
2025-06-17 12:00:00,1.3294617
2025-06-17 13:00:00,1.1358238
2025-06-17 14:00:00,0.9635522
2025-06-17 15:00:00,0.8287144
2025-06-17 16:00:00,0.70223224
2025-06-17 17:00:00,0.5773539
2025-06-17 18:00:00,0.47915617
